date,position,track_name,artists_name,track_link,youtube_link,album_name,album_release_date,artists_link,album_link,duration_ms,popularity,explicit,danceability,energy,key,loudness,mode,speechiness,acousticness,instrumentalness,liveness,valence,tempo,time_signature,track_id,album_id
2002-06-03,1,Cry,Mandy Moore,https://open.spotify.com/track/7tssql2Nvlv5IlVmvl6i8k,https://www.youtube.com/watch?v=KiiwJZuB8X4,Mandy Moore,2001-06-18,https://open.spotify.com/artist/2LJxr7Pt3JnP60eLxwbDOu,https://open.spotify.com/album/5HcsWBlYBlkqVAmKl3ZM8k,223333,52,False,0.587,0.68,0,-6.044,1,0.0308,0.0419,1.87e-06,0.384,0.522,86.736,4,7tssql2Nvlv5IlVmvl6i8k,5HcsWBlYBlkqVAmKl3ZM8k
2002-06-03,2,If You Come Back,Blue,https://open.spotify.com/track/6nV2SYnWxCg0Cnmz1GSh2H,https://www.youtube.com/watch?v=GjFO5zw7hq4,All Rise,2001-11-26,https://open.spotify.com/artist/2yEkZBBjhzKzt6LF5XMaFi,https://open.spotify.com/album/4Kx60DeMOwNNnvQRbZMuHg,207560,57,False,0.582,0.707,10,-4.487,1,0.0319,0.0822,0,0.0467,0.701,78.375,4,6nV2SYnWxCg0Cnmz1GSh2H,4Kx60DeMOwNNnvQRbZMuHg
2002-06-03,3,Bop Bop Baby,Westlife,https://open.spotify.com/track/7dHldWPBFycgIl14iuItAi,https://www.youtube.com/watch?v=WCUA8psMnaU,World of Our Own (Expanded Edition),2001-11-12,https://open.spotify.com/artist/5Z1CCuBsyhEHngq3U5IraY,https://open.spotify.com/album/5FECTGZ9UdITzeo7o0AhUZ,261893,50,False,0.679,0.89,2,-4.483,1,0.0301,0.0141,0,0.139,0.656,118.018,4,7dHldWPBFycgIl14iuItAi,5FECTGZ9UdITzeo7o0AhUZ
2002-06-03,4,Foolish,Ashanti,https://open.spotify.com/track/6zMUIb4uce1CzpbjR3vMdN,https://www.youtube.com/watch?v=gUPrnu3BEU8,Ashanti,2002-01-01,https://open.spotify.com/artist/5rkVyNGXEgeUqKkB5ccK83,https://open.spotify.com/album/5M3BrdaT0TV5SsYsM5PM8X,227386,71,True,0.665,0.695,0,-5.763,1,0.0532,0.347,0,0.106,0.707,90.119,4,6zMUIb4uce1CzpbjR3vMdN,5M3BrdaT0TV5SsYsM5PM8X
2002-06-03,5,Make It Good,A1,https://open.spotify.com/track/47Dfc834zYYl6MaTwTCDk6,https://www.youtube.com/watch?v=PNSzDDje7p4,Make It Good,2001,https://open.spotify.com/artist/5lPsVvHVDr6R5mDxRUXdOs,https://open.spotify.com/album/7aMMpyDflUCZzDFp6LNul0,217840,32,False,0.478,0.934,7,-3.833,1,0.0477,0.0173,0,0.166,0.344,97.532,4,47Dfc834zYYl6MaTwTCDk6,7aMMpyDflUCZzDFp6LNul0
2002-06-03,6,My December,Linkin Park,https://open.spotify.com/track/0fxGA5lxrdYNYoE7yJxTNZ,https://www.youtube.com/watch?v=9DCdCoQ49u8,Hybrid Theory (Bonus Edition),2000-10-24,https://open.spotify.com/artist/6XyY86QOPPrYVGvF9ch6wz,https://open.spotify.com/album/6hPkbAV3ZXpGZBGUvL6jVM,260560,57,False,0.73,0.585,0,-9.274,1,0.0238,0.375,0.0101,0.147,0.721,100.021,4,0fxGA5lxrdYNYoE7yJxTNZ,6hPkbAV3ZXpGZBGUvL6jVM
2002-06-03,7,"I'm Not a Girl, Not Yet a Woman",Britney Spears,https://open.spotify.com/track/1xg1yGPy1Y3YUf44s6TB1o,https://www.youtube.com/watch?v=IlV7RhT6zHs,Britney (Digital Deluxe Version),2001-10-31,https://open.spotify.com/artist/26dSoYclwsYLMAKD3tpOr4,https://open.spotify.com/album/5ax3GTsfX5uCUaNgnJsSG5,231066,57,False,0.534,0.543,3,-6.857,1,0.0245,0.579,0,0.112,0.418,78.996,4,1xg1yGPy1Y3YUf44s6TB1o,5ax3GTsfX5uCUaNgnJsSG5
2002-06-03,8,World of Our Own,Westlife,https://open.spotify.com/track/4SAHTVRe6EBhgAOWl49yPf,https://www.youtube.com/watch?v=Jal-vzO8bVE,World of Our Own (Expanded Edition),2001-11-12,https://open.spotify.com/artist/5Z1CCuBsyhEHngq3U5IraY,https://open.spotify.com/album/5FECTGZ9UdITzeo7o0AhUZ,211413,63,False,0.707,0.765,1,-4.636,1,0.0341,0.0163,0,0.0627,0.923,97.005,4,4SAHTVRe6EBhgAOWl49yPf,5FECTGZ9UdITzeo7o0AhUZ
2002-06-03,9,I'm All About You,Aaron Carter,https://open.spotify.com/track/4osyhAKfnSADr7f4kOLS86,https://www.youtube.com/watch?v=uESx0DhvYH0,Oh Aaron,2001-08-07,https://open.spotify.com/artist/5338fdSzGNOFD4cxAxDTeq,https://open.spotify.com/album/6RBal3R25BlKtJGfd70kyc,221360,49,False,0.671,0.646,0,-7.544,1,0.0267,0.0629,0,0.0862,0.374,91.984,4,4osyhAKfnSADr7f4kOLS86,6RBal3R25BlKtJGfd70kyc
2002-06-03,10,Brown Eyes,Destiny's Child,https://open.spotify.com/track/1urmwhtXPiakhcqvqUi3rp,https://www.youtube.com/watch?v=YkTXx4VwR8I,Survivor,2001-05-01,https://open.spotify.com/artist/1Y8cdNmUJH7yBTd9yOvr5i,https://open.spotify.com/album/480AZOo2VQ1kf3GedAiKV9,276093,59,False,0.566,0.573,5,-7.21,1,0.0436,0.25,0,0.0723,0.313,116.067,4,1urmwhtXPiakhcqvqUi3rp,480AZOo2VQ1kf3GedAiKV9
2003-02-25,1,All I Have,"Jennifer Lopez, LL COOL J",https://open.spotify.com/track/2xlnEhQjSCqNPIJX42ARej,https://www.youtube.com/watch?v=yeSJ2YdhG5k,This Is Me...Then,2002,"https://open.spotify.com/artist/2DlGxzQSjYe5N6G9nkYghR, https://open.spotify.com/artist/1P8IfcNKwrkQP5xJWuhaOC",https://open.spotify.com/album/1l8TpRDfjJjKdtbzNtSycM,254466,59,False,0.701,0.669,1,-5.265,1,0.107,0.271,0,0.158,0.446,83.066,4,2xlnEhQjSCqNPIJX42ARej,1l8TpRDfjJjKdtbzNtSycM
2003-02-25,2,Heaven,"DJ Sammy, Yanou, Do",https://open.spotify.com/track/72SpPFrMYCXLB3Fbw9tEgf,https://www.youtube.com/watch?v=4-aPT0IEfT0,Heaven,2002-02-26,"https://open.spotify.com/artist/4z4m1P0iX2nRSPDBEZ8LBT, https://open.spotify.com/artist/5SWX583ExJOL7cv8572Crs, https://open.spotify.com/artist/7sQECgfT3RtfL0RZWK63Wg",https://open.spotify.com/album/7KHjkfgCVwog38yBI0NcmR,233600,62,False,0.571,0.953,8,-5.601,1,0.0548,0.0011,0.000606,0.226,0.601,137.965,4,72SpPFrMYCXLB3Fbw9tEgf,7KHjkfgCVwog38yBI0NcmR
2003-02-25,3,Beautiful,Christina Aguilera,https://open.spotify.com/track/3TCauNPqFiniaYHBvEVoHG,https://www.youtube.com/watch?v=eAfyFTzZDMM,Stripped,2002-07-19,https://open.spotify.com/artist/1l7ZsJRRS8wlW3WfJfPfNS,https://open.spotify.com/album/2USigX9DhGuAini71XZEEK,238560,67,False,0.456,0.573,5,-3.866,0,0.0275,0.578,3.05e-06,0.114,0.0992,76.19,4,3TCauNPqFiniaYHBvEVoHG,2USigX9DhGuAini71XZEEK
2003-02-25,4,Sing For The Moment,Eminem,https://open.spotify.com/track/3CpoeW0cZSDzIRv5z34F87,https://www.youtube.com/watch?v=D4hAVemuQXY,The Eminem Show,2002-05-26,https://open.spotify.com/artist/7dGJo4pcD2V6oG8kP0tJRR,https://open.spotify.com/album/2cWBwpqMsDJC1ZUwz813lo,339546,78,True,0.668,0.824,5,-4.164,0,0.137,0.0017,3.05e-06,0.0426,0.185,163.961,4,3CpoeW0cZSDzIRv5z34F87,2cWBwpqMsDJC1ZUwz813lo
2003-02-25,5,Jealous,Nina,https://open.spotify.com/track/4kG2BTaz7cZEpt2qK8doYH,https://www.youtube.com/watch?v=hWxmUgmEnok,Heaven,2002-08-05,https://open.spotify.com/artist/2tQbSWgZLIB8MXMnsXVRro,https://open.spotify.com/album/6xN075I3XzG40aEOzWXERj,255213,50,False,0.711,0.36,11,-11.237,0,0.0331,0.385,9.82e-06,0.111,0.381,127.928,4,4kG2BTaz7cZEpt2qK8doYH,6xN075I3XzG40aEOzWXERj
2003-02-25,6,I'm with You,Avril Lavigne,https://open.spotify.com/track/1jlG3KJ3gdYmhfuySFfpO1,https://www.youtube.com/watch?v=dGR65RWwzg8,Let Go,2002-06-04,https://open.spotify.com/artist/0p4nmQO2msCgU4IF37Wi3j,https://open.spotify.com/album/3zXjR3y2dUWklKmmp6lEhy,223066,69,False,0.457,0.406,9,-7.462,1,0.0291,0.08,0,0.117,0.208,151.95,3,1jlG3KJ3gdYmhfuySFfpO1,3zXjR3y2dUWklKmmp6lEhy
2003-02-25,7,Boy (I Need You),"Mariah Carey, Cam’ron",https://open.spotify.com/track/4nyTG4faxWrcECCW8ZYvol,https://www.youtube.com/watch?v=E9rk1e1T_po,Charmbracelet,2002-12-02,"https://open.spotify.com/artist/4iHNK0tOyZPYnBU7nGAgpQ, https://open.spotify.com/artist/7iMvwE8qANp3aIfAGKEAwS",https://open.spotify.com/album/2UYie72CXeuwIB7YepDidw,314826,32,False,0.741,0.717,1,-7.08,1,0.0521,0.452,0,0.0739,0.748,84.993,4,4nyTG4faxWrcECCW8ZYvol,2UYie72CXeuwIB7YepDidw
2003-02-25,8,Passenger Seat,Stephen Speaks,https://open.spotify.com/track/67E65R1XMIKCzRrJ3pC5IS,https://www.youtube.com/watch?v=eC8yt1DR0NY,No More Doubt,2000-11-28,https://open.spotify.com/artist/0AvtzKTYleNqdJXoZasQWG,https://open.spotify.com/album/2t4bCfUZm0LrlRilda2B4G,248976,52,False,0.55,0.584,7,-9.93,1,0.0271,0.0237,0,0.19,0.806,153.001,4,67E65R1XMIKCzRrJ3pC5IS,2t4bCfUZm0LrlRilda2B4G
2003-02-25,9,Mesmerize,"Ja Rule, Ashanti",https://open.spotify.com/track/4X25vRXOMu8nihzNtYhP2n,https://www.youtube.com/watch?v=VcP96KbFIIU,The Last Temptation,2002-11-22,"https://open.spotify.com/artist/1J2VVASYAamtQ3Bt8wGgA6, https://open.spotify.com/artist/5rkVyNGXEgeUqKkB5ccK83",https://open.spotify.com/album/1XJ5cvwBXVFq30e2ZCsguE,278693,56,True,0.768,0.652,1,-6.589,1,0.194,0.0564,0,0.425,0.387,90.064,4,4X25vRXOMu8nihzNtYhP2n,1XJ5cvwBXVFq30e2ZCsguE
2003-02-25,10,Wake Up,Slapshock,https://open.spotify.com/track/4upnmoEhqDvgGvjECULs11,https://www.youtube.com/watch?v=jG-DjFgSkfg,Project 11-41,2002,https://open.spotify.com/artist/50ifAXDdkDGG0RTON2If8K,https://open.spotify.com/album/4HT68vKMq2sAz72WK1D33F,246826,36,False,0.658,0.97,2,-5.396,1,0.0811,0.0796,0,0.0495,0.551,106.364,4,4upnmoEhqDvgGvjECULs11,4HT68vKMq2sAz72WK1D33F
2003-10-01,1,Perfect,Simple Plan,https://open.spotify.com/track/4x5xIB7C8bU0YdVZvrtsbx,https://www.youtube.com/watch?v=RUi54JTgL5s,Perfect,2003-08-26,https://open.spotify.com/artist/2p4FqHnazRucYQHyDCdBrJ,https://open.spotify.com/album/7rEUw6iPB9x44406fjZeQv,277026,35,False,0.494,0.672,3,-4.877,1,0.0405,0.0273,0,0.105,0.557,156.208,4,4x5xIB7C8bU0YdVZvrtsbx,7rEUw6iPB9x44406fjZeQv
2003-10-01,2,"Swing, Swing",The All-American Rejects,https://open.spotify.com/track/003FTlCpBTM4eSqYSWPv4H,https://www.youtube.com/watch?v=KtypSRcwIhA,The All-American Rejects,2002-10-15,https://open.spotify.com/artist/3vAaWhdBR38Q02ohXqaNHT,https://open.spotify.com/album/0TvOeelcHQXYgPcyQiLhyR,233266,64,False,0.553,0.717,7,-5.857,1,0.0318,6.48e-05,0.128,0.0385,0.318,127.947,4,003FTlCpBTM4eSqYSWPv4H,0TvOeelcHQXYgPcyQiLhyR
2003-10-01,3,尋找茱麗葉,Van Ness Wu,https://open.spotify.com/track/4p9ZzfA7JRT1ha9rbem9L1,https://www.youtube.com/watch?v=wWrZbSheEiM,身體會唱歌,2002-08-09,https://open.spotify.com/artist/2Lcyl3luks1H4TDORlJIUW,https://open.spotify.com/album/1pL4taYsCaud832QCxzaxQ,193173,7,False,0.694,0.833,6,-5.716,0,0.0572,0.138,0,0.225,0.75,124.025,4,4p9ZzfA7JRT1ha9rbem9L1,1pL4taYsCaud832QCxzaxQ
2003-10-01,4,愛不會一直等妳,朱孝天,https://open.spotify.com/track/2qAuIf5EdP2YBL0jBQORPx,https://www.youtube.com/watch?v=nlpOJ43g9nA,流星雨,2001-08-27,https://open.spotify.com/artist/1bamHErloUc6v7IVV6xEep,https://open.spotify.com/album/0pjbq9vYCpLsHekvstNM0K,224773,18,False,0.73,0.7,11,-7.049,1,0.0283,0.00961,0,0.159,0.392,110.072,4,2qAuIf5EdP2YBL0jBQORPx,0pjbq9vYCpLsHekvstNM0K
2003-10-01,5,Here We Are,朱孝天,https://open.spotify.com/track/2QjZu9BTDeC6fMRSJxid8X,https://www.youtube.com/watch?v=OCEgj7eNRrM,流星雨,2001-08-27,https://open.spotify.com/artist/1bamHErloUc6v7IVV6xEep,https://open.spotify.com/album/0pjbq9vYCpLsHekvstNM0K,257799,23,False,0.534,0.402,4,-7.605,1,0.0289,0.276,0,0.112,0.453,156.195,4,2QjZu9BTDeC6fMRSJxid8X,0pjbq9vYCpLsHekvstNM0K
2003-10-01,6,Forever's Not Enough,Sarah Geronimo,https://open.spotify.com/track/52yBlzNew08nR50Ah8eA4D,https://www.youtube.com/watch?v=YQILKK5d4i8,Acoustic Lokal 2,2004-05-13,https://open.spotify.com/artist/6aiCKnIN68hohzU3ZzNq48,https://open.spotify.com/album/4dEk1HMrTlTpfcawAu82PY,262853,3,False,0.574,0.26,2,-10.454,1,0.039,0.225,0,0.0915,0.112,143.457,4,52yBlzNew08nR50Ah8eA4D,4dEk1HMrTlTpfcawAu82PY
2003-10-01,7,Numb,Linkin Park,https://open.spotify.com/track/2nLtzopw4rPReszdYBJU6h,https://www.youtube.com/watch?v=kXYiU_JCYtU,Meteora,2003-03-24,https://open.spotify.com/artist/6XyY86QOPPrYVGvF9ch6wz,https://open.spotify.com/album/4Gfnly5CzMJQqkUFfoHaP3,185586,82,False,0.496,0.863,9,-4.153,1,0.0381,0.0046,0,0.639,0.243,110.018,4,2nLtzopw4rPReszdYBJU6h,4Gfnly5CzMJQqkUFfoHaP3
2003-10-01,8,(There's Gotta Be) More To Life,Stacie Orrico,https://open.spotify.com/track/2x5qF66rFO6DERBMNkQAqn,https://www.youtube.com/watch?v=wUOcQnWbk_U,Stacie Orrico,2003-01-01,https://open.spotify.com/artist/5QjWgYDeKNP2iPHTdTttnG,https://open.spotify.com/album/05bphHAv5bizNSVDeirA9t,200386,54,False,0.58,0.922,1,-3.785,1,0.0957,0.0917,0,0.189,0.649,89.841,4,2x5qF66rFO6DERBMNkQAqn,05bphHAv5bizNSVDeirA9t
2003-10-01,9,One,Heart Evangelista,https://open.spotify.com/track/6fZjCOpQUUKsjvert3sJLJ,https://www.youtube.com/watch?v=Iu7wuIl5dCs,Heart,2003-07-01,https://open.spotify.com/artist/6UIEzOUxN61pdpQrAmVKDm,https://open.spotify.com/album/6k7SDM5xKCjaGdGUMRNcpv,202413,28,False,0.594,0.85,6,-6.391,1,0.0463,0.0337,7.05e-05,0.074,0.725,101.964,4,6fZjCOpQUUKsjvert3sJLJ,6k7SDM5xKCjaGdGUMRNcpv
2003-10-01,10,Can We Still Be Friends,Mandy Moore,https://open.spotify.com/track/0z37Eoxfsq3SNYEdQLumhO,https://www.youtube.com/watch?v=fReD1qQ8fe0,The Best of Mandy Moore,2004-11-16,https://open.spotify.com/artist/2LJxr7Pt3JnP60eLxwbDOu,https://open.spotify.com/album/551186Jr75bHrh58ZdEMhW,217840,32,False,0.39,0.648,9,-5.736,1,0.0317,0.245,0,0.0999,0.551,174.261,4,0z37Eoxfsq3SNYEdQLumhO,551186Jr75bHrh58ZdEMhW
2004-10-04,1,地心引力,Jerry Yan,https://open.spotify.com/track/70NgdwaHibE64B6EbhE9aD,https://www.youtube.com/watch?v=PIOdy8-xLxM,第一次(白天版),2004-08-05,https://open.spotify.com/artist/2WkfI6UZfc7Ohpyba7d086,https://open.spotify.com/album/1s8LhNLb7wMe7cxZs4nfnZ,265186,24,False,0.693,0.571,9,-5.545,1,0.0309,0.156,3.94e-06,0.943,0.475,93.97,4,70NgdwaHibE64B6EbhE9aD,1s8LhNLb7wMe7cxZs4nfnZ
2004-10-04,2,Colour Everywhere,Christian Bautista,https://open.spotify.com/track/3RYpfzRDiCTPESz7yBLT0e,https://www.youtube.com/watch?v=8efDYFCKrf0,Christian Bautista,2004-03-25,https://open.spotify.com/artist/4U78sK2D3zASSB6oSR38GQ,https://open.spotify.com/album/0qEwvzXNVsPFK7eftFej7Q,253173,42,False,0.73,0.433,3,-8.335,0,0.0316,0.73,0,0.128,0.44,125.862,4,3RYpfzRDiCTPESz7yBLT0e,0qEwvzXNVsPFK7eftFej7Q
2004-10-04,3,Not Your Ordinary Girl,Kyla,https://open.spotify.com/track/0G3WEvz2XW26kOxJ4Bwrv6,https://www.youtube.com/watch?v=mvTeJEmG1PA,Not Your Ordinary Girl,2004,https://open.spotify.com/artist/2vTbuBRo7ACOZ3JsCnaL7S,https://open.spotify.com/album/7tY7MqV75gh0FDZsIlUkqx,248693,8,False,0.464,0.623,1,-7.692,1,0.135,0.267,1.65e-06,0.281,0.716,172.545,4,0G3WEvz2XW26kOxJ4Bwrv6,7tY7MqV75gh0FDZsIlUkqx
2004-10-04,4,一公尺,Jerry Yan,https://open.spotify.com/track/3VhFGiJm9OKZNCexnYTG8A,https://www.youtube.com/watch?v=-An3NFuX3nY,第一次(白天版),2004-08-05,https://open.spotify.com/artist/2WkfI6UZfc7Ohpyba7d086,https://open.spotify.com/album/1s8LhNLb7wMe7cxZs4nfnZ,250773,18,False,0.466,0.443,11,-7.477,1,0.0349,0.644,0,0.142,0.27,133.361,4,3VhFGiJm9OKZNCexnYTG8A,1s8LhNLb7wMe7cxZs4nfnZ
2004-10-04,5,In or Out,Sandara Park,https://open.spotify.com/track/3eSDXqvDhUriIOsnBCDoBc,https://www.youtube.com/watch?v=A-0f5POaIZE,Sandara,2005-01-01,https://open.spotify.com/artist/3LKVw6XQYcot0OZMFmf4IP,https://open.spotify.com/album/1ESZDjfyERKdAadxy19p50,271882,21,False,0.717,0.711,4,-9.257,1,0.0282,0.168,2.59e-06,0.153,0.941,129.966,4,3eSDXqvDhUriIOsnBCDoBc,1ESZDjfyERKdAadxy19p50
2004-10-04,6,Di Ko Na Kaya,Tux,https://open.spotify.com/track/4KgaLU49GdfIoJCnokunXK,https://www.youtube.com/watch?v=7TTgqbEhQC4,Songs Inspired by Mulawin,2004-10-01,https://open.spotify.com/artist/244sqEytRDGledfHVybE0r,https://open.spotify.com/album/1FrABwsdHCXAaQTI0s5omR,273880,2,False,0.516,0.278,11,-12.905,1,0.0261,0.844,0,0.3,0.196,100.035,4,4KgaLU49GdfIoJCnokunXK,1FrABwsdHCXAaQTI0s5omR
2004-10-04,7,Waiting In Vain,MYMP,https://open.spotify.com/track/19KLLTj8JBOwAXNiql6LNU,https://www.youtube.com/watch?v=GeivMKiCvtM,Soulful Acoustic,2004,https://open.spotify.com/artist/5elcNQkZ6FCZA3grSOMngY,https://open.spotify.com/album/4S3jeaN6SrdwqwynSRlyHl,282466,36,False,0.797,0.201,1,-15.393,1,0.0529,0.211,5.63e-06,0.0664,0.588,77.676,4,19KLLTj8JBOwAXNiql6LNU,4S3jeaN6SrdwqwynSRlyHl
2004-10-04,8,Breakaway,Kelly Clarkson,https://open.spotify.com/track/4PFAm88FBkY7IFtvCaGctZ,https://www.youtube.com/watch?v=c-3vPxKdj6o,Breakaway,2004,https://open.spotify.com/artist/3BmGtnKgCSGYIUhmivXKWX,https://open.spotify.com/album/20jYcJane0oI7VoMNoEOJU,237000,62,False,0.268,0.716,9,-4.151,0,0.0337,0.0421,9.88e-06,0.108,0.393,160.008,3,4PFAm88FBkY7IFtvCaGctZ,20jYcJane0oI7VoMNoEOJU
2004-10-04,9,Masaya,Bamboo,https://open.spotify.com/track/6sxg4O8Nsiq9NuAiBbL3Nr,https://www.youtube.com/watch?v=aglcHT5zXz8,As the Music Plays the Band,2004,https://open.spotify.com/artist/0c7d9V8rjfT6tzojfBfRf5,https://open.spotify.com/album/0E1sc92U89BlRmR5V6VIAH,225640,55,False,0.5,0.371,7,-10.212,1,0.0376,0.783,0.00405,0.138,0.279,114.976,5,6sxg4O8Nsiq9NuAiBbL3Nr,0E1sc92U89BlRmR5V6VIAH
2004-10-04,10,My Prerogative,Britney Spears,https://open.spotify.com/track/2JxftzENN2rhpXxnOmtQBR,https://www.youtube.com/watch?v=dIOH8Trfas4,Greatest Hits: My Prerogative,2004-11-08,https://open.spotify.com/artist/26dSoYclwsYLMAKD3tpOr4,https://open.spotify.com/album/3caKTh2tJMowPiMz0cguLI,213893,51,False,0.749,0.938,10,-4.423,0,0.118,0.0127,1.96e-06,0.103,0.619,111.014,4,2JxftzENN2rhpXxnOmtQBR,3caKTh2tJMowPiMz0cguLI
2004-12-29,1,Bright Lights,Billy Crawford,None,https://www.youtube.com/watch?v=ljCeFhyp8Qs,None,None,None,None,None,None,None,None,None,None,None,None,None,None,None,None,None,None,None,None,None
2004-12-29,2,How Could You Say You Love Me,Sarah Geronimo,https://open.spotify.com/track/7AQK7ihYgF8iVQrxAs1aRH,https://www.youtube.com/watch?v=uKkb9w7wqXA,Sweet Sixteen,2004-12-11,https://open.spotify.com/artist/6aiCKnIN68hohzU3ZzNq48,https://open.spotify.com/album/72p3F85AZsf1xCKOzybIZr,245093,45,False,0.534,0.391,7,-8.264,1,0.0286,0.724,0,0.197,0.239,131.807,4,7AQK7ihYgF8iVQrxAs1aRH,72p3F85AZsf1xCKOzybIZr
2004-12-29,3,If the Feeling Is Gone,Kyla,https://open.spotify.com/track/2qXhbLRZs2uyJsNmci6TjT,https://www.youtube.com/watch?v=l6WozhH1Y9o,Not Your Ordinary Girl,2004,https://open.spotify.com/artist/2vTbuBRo7ACOZ3JsCnaL7S,https://open.spotify.com/album/7tY7MqV75gh0FDZsIlUkqx,216880,36,False,0.548,0.31,0,-9.539,1,0.0281,0.849,3.57e-06,0.147,0.35,132.604,4,2qXhbLRZs2uyJsNmci6TjT,7tY7MqV75gh0FDZsIlUkqx
2004-12-29,4,Smile,Westlife,https://open.spotify.com/track/0M8nAtclrbnYPxGKl36Gth,https://www.youtube.com/watch?v=Ja84uxY00jY,Allow Us to Be Frank,2004-11-08,https://open.spotify.com/artist/5Z1CCuBsyhEHngq3U5IraY,https://open.spotify.com/album/5RtHBmpn9eiCIYbj8jKUMb,170493,23,False,0.291,0.283,9,-9.779,0,0.0291,0.919,2.34e-06,0.239,0.157,83.546,4,0M8nAtclrbnYPxGKl36Gth,5RtHBmpn9eiCIYbj8jKUMb
2004-12-29,5,Long Night,The Corrs,https://open.spotify.com/track/1Hug64rypPZfqUWHM4vjJa,https://www.youtube.com/watch?v=UdArTxp34mA,Original Album Series,1995-09-26,https://open.spotify.com/artist/1VbWUxZTRNY2gw3qZ1tg9W,https://open.spotify.com/album/34sbDkSV2982IX4z6jd4CC,227373,14,False,0.291,0.418,7,-6.242,1,0.0291,0.262,0,0.0902,0.16,71.794,4,1Hug64rypPZfqUWHM4vjJa,34sbDkSV2982IX4z6jd4CC
2004-12-29,6,Huwag Na Huwag Mong Sasabihin,Kitchie Nadal,https://open.spotify.com/track/4mOjjXKDOR1sel6APULUaN,https://www.youtube.com/watch?v=5r6cpfPkt7U,Kitchie Nadal,2004-01-01,https://open.spotify.com/artist/4OjU5UP0GFWeniBC82sGBY,https://open.spotify.com/album/7beVKW0o7iRoM0eRT3kGfk,249080,54,False,0.38,0.685,9,-6.322,1,0.0282,0.126,2.87e-06,0.171,0.357,163.884,4,4mOjjXKDOR1sel6APULUaN,7beVKW0o7iRoM0eRT3kGfk
2004-12-29,7,I Don't Want To Be Your Friend,Nina,https://open.spotify.com/track/75AKFZo2Dc58GXc8fCKFmx,https://www.youtube.com/watch?v=ogvBL5e71so,Live,2007,https://open.spotify.com/artist/2tQbSWgZLIB8MXMnsXVRro,https://open.spotify.com/album/66a4sphHBAshn0R7a8q2W6,236666,36,False,0.562,0.259,8,-9.417,1,0.0296,0.892,0.000763,0.118,0.211,148.044,4,75AKFZo2Dc58GXc8fCKFmx,66a4sphHBAshn0R7a8q2W6
2004-12-29,8,Tilt Ya Head Back,"Nelly, Christina Aguilera",https://open.spotify.com/track/2VJg6kEJXgeBNm0xnl7xYk,https://www.youtube.com/watch?v=D9Yc3pv-uI0,Sweat,2004-11-14,"https://open.spotify.com/artist/2gBjLmx6zQnFGQJCAQpRgw, https://open.spotify.com/artist/1l7ZsJRRS8wlW3WfJfPfNS",https://open.spotify.com/album/07r7KrppFUq72j7nEznjlo,253253,38,True,0.836,0.724,10,-5.789,0,0.145,0.0336,0,0.279,0.735,115.72,4,2VJg6kEJXgeBNm0xnl7xYk,07r7KrppFUq72j7nEznjlo
2004-12-29,9,Karma,Alicia Keys,https://open.spotify.com/track/588RGyR1f4Plc8nm7SrdCa,https://www.youtube.com/watch?v=EUMC_raxpSc,The Diary Of Alicia Keys,2003-12-02,https://open.spotify.com/artist/3DiDSECUqqY1AuBP8qtaIa,https://open.spotify.com/album/6TqRKHLjDu5QZuC8u5Woij,256000,48,False,0.727,0.736,10,-6.203,1,0.0615,0.0743,0.00311,0.0348,0.687,85.098,4,588RGyR1f4Plc8nm7SrdCa,6TqRKHLjDu5QZuC8u5Woij
2004-12-29,10,Lose My Breath,Destiny's Child,https://open.spotify.com/track/2n4uOdMHzEvcZ0KP7iQnay,https://www.youtube.com/watch?v=AqeIiF0DlTg,Destiny Fulfilled,2004,https://open.spotify.com/artist/1Y8cdNmUJH7yBTd9yOvr5i,https://open.spotify.com/album/3xjdyJjSMNsSRkj3GTmBLi,242013,61,False,0.814,0.899,1,-5.958,1,0.0637,0.00727,0.219,0.0979,0.545,119.011,4,2n4uOdMHzEvcZ0KP7iQnay,3xjdyJjSMNsSRkj3GTmBLi
2005-01-03,1,Bright Lights,Billy Crawford,None,https://www.youtube.com/watch?v=ljCeFhyp8Qs,None,None,None,None,None,None,None,None,None,None,None,None,None,None,None,None,None,None,None,None,None
2005-01-03,2,How Could You Say You Love Me,Sarah Geronimo,https://open.spotify.com/track/7AQK7ihYgF8iVQrxAs1aRH,https://www.youtube.com/watch?v=7e4Bg0MavZY,Sweet Sixteen,2004-12-11,https://open.spotify.com/artist/6aiCKnIN68hohzU3ZzNq48,https://open.spotify.com/album/72p3F85AZsf1xCKOzybIZr,245093,45,False,0.534,0.391,7,-8.264,1,0.0286,0.724,0,0.197,0.239,131.807,4,7AQK7ihYgF8iVQrxAs1aRH,72p3F85AZsf1xCKOzybIZr
2005-01-03,3,If the Feeling Is Gone,Kyla,https://open.spotify.com/track/2qXhbLRZs2uyJsNmci6TjT,https://www.youtube.com/watch?v=l6WozhH1Y9o,Not Your Ordinary Girl,2004,https://open.spotify.com/artist/2vTbuBRo7ACOZ3JsCnaL7S,https://open.spotify.com/album/7tY7MqV75gh0FDZsIlUkqx,216880,36,False,0.548,0.31,0,-9.539,1,0.0281,0.849,3.57e-06,0.147,0.35,132.604,4,2qXhbLRZs2uyJsNmci6TjT,7tY7MqV75gh0FDZsIlUkqx
2005-01-03,4,Smile,Westlife,https://open.spotify.com/track/0M8nAtclrbnYPxGKl36Gth,https://www.youtube.com/watch?v=Ja84uxY00jY,Allow Us to Be Frank,2004-11-08,https://open.spotify.com/artist/5Z1CCuBsyhEHngq3U5IraY,https://open.spotify.com/album/5RtHBmpn9eiCIYbj8jKUMb,170493,23,False,0.291,0.283,9,-9.779,0,0.0291,0.919,2.34e-06,0.239,0.157,83.546,4,0M8nAtclrbnYPxGKl36Gth,5RtHBmpn9eiCIYbj8jKUMb
2005-01-03,5,I Don't Want To Be Your Friend,Nina,https://open.spotify.com/track/75AKFZo2Dc58GXc8fCKFmx,https://www.youtube.com/watch?v=ogvBL5e71so,Live,2007,https://open.spotify.com/artist/2tQbSWgZLIB8MXMnsXVRro,https://open.spotify.com/album/66a4sphHBAshn0R7a8q2W6,236666,36,False,0.562,0.259,8,-9.417,1,0.0296,0.892,0.000763,0.118,0.211,148.044,4,75AKFZo2Dc58GXc8fCKFmx,66a4sphHBAshn0R7a8q2W6
2005-01-03,6,Huwag Na Huwag Mong Sasabihin,Kitchie Nadal,https://open.spotify.com/track/4mOjjXKDOR1sel6APULUaN,https://www.youtube.com/watch?v=5r6cpfPkt7U,Kitchie Nadal,2004-01-01,https://open.spotify.com/artist/4OjU5UP0GFWeniBC82sGBY,https://open.spotify.com/album/7beVKW0o7iRoM0eRT3kGfk,249080,54,False,0.38,0.685,9,-6.322,1,0.0282,0.126,2.87e-06,0.171,0.357,163.884,4,4mOjjXKDOR1sel6APULUaN,7beVKW0o7iRoM0eRT3kGfk
2005-01-03,7,Long Night,The Corrs,https://open.spotify.com/track/1Hug64rypPZfqUWHM4vjJa,https://www.youtube.com/watch?v=UdArTxp34mA,Original Album Series,1995-09-26,https://open.spotify.com/artist/1VbWUxZTRNY2gw3qZ1tg9W,https://open.spotify.com/album/34sbDkSV2982IX4z6jd4CC,227373,14,False,0.291,0.418,7,-6.242,1,0.0291,0.262,0,0.0902,0.16,71.794,4,1Hug64rypPZfqUWHM4vjJa,34sbDkSV2982IX4z6jd4CC
2005-01-03,8,Karma,Alicia Keys,https://open.spotify.com/track/588RGyR1f4Plc8nm7SrdCa,https://www.youtube.com/watch?v=EUMC_raxpSc,The Diary Of Alicia Keys,2003-12-02,https://open.spotify.com/artist/3DiDSECUqqY1AuBP8qtaIa,https://open.spotify.com/album/6TqRKHLjDu5QZuC8u5Woij,256000,48,False,0.727,0.736,10,-6.203,1,0.0615,0.0743,0.00311,0.0348,0.687,85.098,4,588RGyR1f4Plc8nm7SrdCa,6TqRKHLjDu5QZuC8u5Woij
2005-01-03,9,Baby It's You,JoJo,https://open.spotify.com/track/28IahcgGKn8QtXyag8SmX8,https://www.youtube.com/watch?v=mP23xos4704,JoJo,2004-06-22,https://open.spotify.com/artist/5xuNBZoM7z1Vv8IQ6uM0p6,https://open.spotify.com/album/1UIesw6QSRT3VrFN36hwgp,191693,58,False,0.899,0.399,1,-7.07,1,0.195,0.0182,0.00788,0.161,0.689,119.91,3,28IahcgGKn8QtXyag8SmX8,1UIesw6QSRT3VrFN36hwgp
2005-01-03,10,Lose My Breath,Destiny's Child,https://open.spotify.com/track/2n4uOdMHzEvcZ0KP7iQnay,https://www.youtube.com/watch?v=AqeIiF0DlTg,Destiny Fulfilled,2004,https://open.spotify.com/artist/1Y8cdNmUJH7yBTd9yOvr5i,https://open.spotify.com/album/3xjdyJjSMNsSRkj3GTmBLi,242013,61,False,0.814,0.899,1,-5.958,1,0.0637,0.00727,0.219,0.0979,0.545,119.011,4,2n4uOdMHzEvcZ0KP7iQnay,3xjdyJjSMNsSRkj3GTmBLi
2005-03-18,1,True,Ryan Cabrera,https://open.spotify.com/track/0jdeV5dSB3kUBRqe1xQJbh,https://www.youtube.com/watch?v=ujWfA2gDvSI,Take It All Away (U.S. Version),2004-06-08,https://open.spotify.com/artist/3C4t1usFGoKHCSRdujm2GN,https://open.spotify.com/album/78IbgGcKueK33SETMOQfaj,204173,59,False,0.598,0.4,6,-10.054,1,0.0241,0.459,0,0.151,0.369,96.938,4,0jdeV5dSB3kUBRqe1xQJbh,78IbgGcKueK33SETMOQfaj
2005-03-18,2,Love Moves In Mysterious Ways,Nina,https://open.spotify.com/track/5EvsytirpNFGyK88Zm7IoK,https://www.youtube.com/watch?v=UK3XFFc0yD0,Live,2007,https://open.spotify.com/artist/2tQbSWgZLIB8MXMnsXVRro,https://open.spotify.com/album/66a4sphHBAshn0R7a8q2W6,267786,55,False,0.558,0.249,1,-9.319,1,0.0376,0.614,0,0.185,0.191,131.195,4,5EvsytirpNFGyK88Zm7IoK,66a4sphHBAshn0R7a8q2W6
2005-03-18,3,Klsp,Sponge Cola,https://open.spotify.com/track/4OvwEAr5P3hz3qVoVDyxFJ,https://www.youtube.com/watch?v=BN634wbjGrM,Palabas & Transit Collection,2014-03-17,https://open.spotify.com/artist/1tXFYQZSAswt4JLB42lpye,https://open.spotify.com/album/004uzq476rDPXmHoWLLJyX,216506,45,False,0.46,0.908,8,-3.68,1,0.0445,0.103,1.36e-05,0.077,0.447,85.015,4,4OvwEAr5P3hz3qVoVDyxFJ,004uzq476rDPXmHoWLLJyX
2005-03-18,4,Do Somethin',Britney Spears,https://open.spotify.com/track/77rzoJ5VaC2BLB1IkjGnoi,https://www.youtube.com/watch?v=Bb1ad7r5oN8,Greatest Hits: My Prerogative,2004-11-08,https://open.spotify.com/artist/26dSoYclwsYLMAKD3tpOr4,https://open.spotify.com/album/3caKTh2tJMowPiMz0cguLI,202720,45,False,0.845,0.937,4,-3.283,1,0.0653,0.0316,2.35e-05,0.359,0.963,129.966,4,77rzoJ5VaC2BLB1IkjGnoi,3caKTh2tJMowPiMz0cguLI
2005-03-18,5,Hello,Ogie Alcasid,https://open.spotify.com/track/4B8q13ybPlAEoSIwsvOdTu,https://www.youtube.com/watch?v=iPIHbY14r-Q,I Am A Singer,2004-10-08,https://open.spotify.com/artist/1vlz5PDUCNuZJeuJoufQkN,https://open.spotify.com/album/1Sydar5igMdqy4j1HtoGC6,236746,21,False,0.19,0.237,2,-11.618,1,0.0348,0.758,0.000312,0.112,0.2,204.495,4,4B8q13ybPlAEoSIwsvOdTu,1Sydar5igMdqy4j1HtoGC6
2005-03-18,6,Too Crazy,South Border,https://open.spotify.com/track/0EfS7fATnTTZcVP9lhT0su,https://www.youtube.com/watch?v=20sQw0t8TfY,Episode III: Platinum Edition (2005),2005,https://open.spotify.com/artist/6ZgBJRjJsK1iOJGKGZxEUv,https://open.spotify.com/album/4d8LGjRzdKQH7EbODTbntX,314383,25,False,0.613,0.437,0,-8.669,0,0.0293,0.73,0,0.102,0.386,63.01,4,0EfS7fATnTTZcVP9lhT0su,4d8LGjRzdKQH7EbODTbntX
2005-03-18,7,Steamy nights,billy crawford,None,https://www.youtube.com/watch?v=dt7RfJ-wZrU,None,None,None,None,None,None,None,None,None,None,None,None,None,None,None,None,None,None,None,None,None
2005-03-18,8,Kung Akin Ang Mundo,Erik Santos,https://open.spotify.com/track/7aNGC3hDG7HuWhDFZH5mAu,https://www.youtube.com/watch?v=UBVPaLXpfFI,This Is the Moment,2004-01-01,https://open.spotify.com/artist/7ygtjsCTrCQZAYYPOne9uE,https://open.spotify.com/album/16NE4M3Mgo9L4F3zL2XtCK,208226,47,False,0.604,0.202,9,-15.223,1,0.0336,0.888,3.83e-05,0.121,0.501,79.991,4,7aNGC3hDG7HuWhDFZH5mAu,16NE4M3Mgo9L4F3zL2XtCK
2005-03-18,9,Lumingon Ka Lang,Sarah Geronimo,https://open.spotify.com/track/4FCgQeaKTViWKqirhP1Nvn,https://www.youtube.com/watch?v=Vo2GNYgxOo4,Sweet Sixteen,2004-12-11,https://open.spotify.com/artist/6aiCKnIN68hohzU3ZzNq48,https://open.spotify.com/album/72p3F85AZsf1xCKOzybIZr,223480,21,False,0.739,0.835,7,-9.775,0,0.034,0.0736,1.75e-06,0.181,0.952,126.832,4,4FCgQeaKTViWKqirhP1Nvn,72p3F85AZsf1xCKOzybIZr
2005-03-18,10,Get Right,Jennifer Lopez,https://open.spotify.com/track/0rLzyBecRbTpnBWvMtPVFR,https://www.youtube.com/watch?v=1WIsnC-h1d0,Rebirth,2005-03-01,https://open.spotify.com/artist/2DlGxzQSjYe5N6G9nkYghR,https://open.spotify.com/album/1fRr47hbp60yegltnsvkEH,225533,54,False,0.741,0.759,0,-5.096,0,0.12,0.0218,0,0.628,0.362,97.084,4,0rLzyBecRbTpnBWvMtPVFR,1fRr47hbp60yegltnsvkEH
2005-04-04,1,True,Ryan Cabrera,https://open.spotify.com/track/0jdeV5dSB3kUBRqe1xQJbh,https://www.youtube.com/watch?v=ujWfA2gDvSI,Take It All Away (U.S. Version),2004-06-08,https://open.spotify.com/artist/3C4t1usFGoKHCSRdujm2GN,https://open.spotify.com/album/78IbgGcKueK33SETMOQfaj,204173,59,False,0.598,0.4,6,-10.054,1,0.0241,0.459,0,0.151,0.369,96.938,4,0jdeV5dSB3kUBRqe1xQJbh,78IbgGcKueK33SETMOQfaj
2005-04-04,2,Love Moves In Mysterious Ways,Nina,https://open.spotify.com/track/5EvsytirpNFGyK88Zm7IoK,https://www.youtube.com/watch?v=UK3XFFc0yD0,Live,2007,https://open.spotify.com/artist/2tQbSWgZLIB8MXMnsXVRro,https://open.spotify.com/album/66a4sphHBAshn0R7a8q2W6,267786,55,False,0.558,0.249,1,-9.319,1,0.0376,0.614,0,0.185,0.191,131.195,4,5EvsytirpNFGyK88Zm7IoK,66a4sphHBAshn0R7a8q2W6
2005-04-04,3,Lumingon Ka Lang,Sarah Geronimo,https://open.spotify.com/track/4FCgQeaKTViWKqirhP1Nvn,https://www.youtube.com/watch?v=Vo2GNYgxOo4,Sweet Sixteen,2004-12-11,https://open.spotify.com/artist/6aiCKnIN68hohzU3ZzNq48,https://open.spotify.com/album/72p3F85AZsf1xCKOzybIZr,223480,21,False,0.739,0.835,7,-9.775,0,0.034,0.0736,1.75e-06,0.181,0.952,126.832,4,4FCgQeaKTViWKqirhP1Nvn,72p3F85AZsf1xCKOzybIZr
2005-04-04,4,Klsp,Sponge Cola,https://open.spotify.com/track/4OvwEAr5P3hz3qVoVDyxFJ,https://www.youtube.com/watch?v=BN634wbjGrM,Palabas & Transit Collection,2014-03-17,https://open.spotify.com/artist/1tXFYQZSAswt4JLB42lpye,https://open.spotify.com/album/004uzq476rDPXmHoWLLJyX,216506,45,False,0.46,0.908,8,-3.68,1,0.0445,0.103,1.36e-05,0.077,0.447,85.015,4,4OvwEAr5P3hz3qVoVDyxFJ,004uzq476rDPXmHoWLLJyX
2005-04-04,5,Hello,Ogie Alcasid,https://open.spotify.com/track/4B8q13ybPlAEoSIwsvOdTu,https://www.youtube.com/watch?v=iPIHbY14r-Q,I Am A Singer,2004-10-08,https://open.spotify.com/artist/1vlz5PDUCNuZJeuJoufQkN,https://open.spotify.com/album/1Sydar5igMdqy4j1HtoGC6,236746,21,False,0.19,0.237,2,-11.618,1,0.0348,0.758,0.000312,0.112,0.2,204.495,4,4B8q13ybPlAEoSIwsvOdTu,1Sydar5igMdqy4j1HtoGC6
2005-04-04,6,From the Start,Rachelle Ann Go,https://open.spotify.com/track/3UrHHGeJwz9RvXa77bAuZn,https://www.youtube.com/watch?v=g0RJt4fxcio,Rachelle Ann Go,2004-07-26,https://open.spotify.com/artist/0YaTdozvKSQ2UkOTTONmSJ,https://open.spotify.com/album/35O3CQ5TP6vNO6ANBdJOVR,254426,45,False,0.639,0.328,9,-11.619,1,0.0309,0.776,0,0.0647,0.351,127.951,4,3UrHHGeJwz9RvXa77bAuZn,35O3CQ5TP6vNO6ANBdJOVR
2005-04-04,7,Steamy nights,billy crawford,None,https://www.youtube.com/watch?v=dt7RfJ-wZrU,None,None,None,None,None,None,None,None,None,None,None,None,None,None,None,None,None,None,None,None,None
2005-04-04,8,Over And Over,"Nelly, Tim McGraw",https://open.spotify.com/track/2b8QQqf8Vwb7bfz22ja8Fk,https://www.youtube.com/watch?v=n3htOCjafTc,Suit,2004-09-14,"https://open.spotify.com/artist/2gBjLmx6zQnFGQJCAQpRgw, https://open.spotify.com/artist/6roFdX1y5BYSbp60OTJWMd",https://open.spotify.com/album/7xt2MWlSFHNP2NcHWE4W3b,253933,59,True,0.644,0.517,7,-10.02,1,0.0803,0.0065,1.37e-06,0.158,0.464,169.799,4,2b8QQqf8Vwb7bfz22ja8Fk,7xt2MWlSFHNP2NcHWE4W3b
2005-04-04,9,Akap,Imago,https://open.spotify.com/track/3Q6DKhEtaassSjl62Q3EAz,https://www.youtube.com/watch?v=DvQY31u-suM,"Pinoy Ako, Vol. 2",2006-01-01,https://open.spotify.com/artist/6MXu7TWZnmykwkXiRJeUMh,https://open.spotify.com/album/6mFWJwQ7DXomqr30EIHpnP,336640,54,False,0.211,0.467,9,-8.493,1,0.0306,0.379,2.92e-06,0.12,0.173,73.073,5,3Q6DKhEtaassSjl62Q3EAz,6mFWJwQ7DXomqr30EIHpnP
2005-04-04,10,Over,Lindsay Lohan,https://open.spotify.com/track/2vJzrTur6cWX2wX7ZvI38S,https://www.youtube.com/watch?v=sqRXFf4uOpM,Speak,2004-01-01,https://open.spotify.com/artist/4vRSocKbGh7PsQrYRDVMEF,https://open.spotify.com/album/3ZxcXB6JtLDAEUDLVkiIRe,216520,39,False,0.423,0.926,8,-2.965,1,0.0535,0.0438,1.28e-05,0.113,0.515,177.727,4,2vJzrTur6cWX2wX7ZvI38S,3ZxcXB6JtLDAEUDLVkiIRe
2005-05-07,1,True,Ryan Cabrera,https://open.spotify.com/track/0jdeV5dSB3kUBRqe1xQJbh,https://www.youtube.com/watch?v=ujWfA2gDvSI,Take It All Away (U.S. Version),2004-06-08,https://open.spotify.com/artist/3C4t1usFGoKHCSRdujm2GN,https://open.spotify.com/album/78IbgGcKueK33SETMOQfaj,204173,59,False,0.598,0.4,6,-10.054,1,0.0241,0.459,0,0.151,0.369,96.938,4,0jdeV5dSB3kUBRqe1xQJbh,78IbgGcKueK33SETMOQfaj
2005-05-07,2,Lumingon Ka Lang,Sarah Geronimo,https://open.spotify.com/track/4FCgQeaKTViWKqirhP1Nvn,https://www.youtube.com/watch?v=Vo2GNYgxOo4,Sweet Sixteen,2004-12-11,https://open.spotify.com/artist/6aiCKnIN68hohzU3ZzNq48,https://open.spotify.com/album/72p3F85AZsf1xCKOzybIZr,223480,21,False,0.739,0.835,7,-9.775,0,0.034,0.0736,1.75e-06,0.181,0.952,126.832,4,4FCgQeaKTViWKqirhP1Nvn,72p3F85AZsf1xCKOzybIZr
2005-05-07,3,Love Moves In Mysterious Ways,Nina,https://open.spotify.com/track/5EvsytirpNFGyK88Zm7IoK,https://www.youtube.com/watch?v=UK3XFFc0yD0,Live,2007,https://open.spotify.com/artist/2tQbSWgZLIB8MXMnsXVRro,https://open.spotify.com/album/66a4sphHBAshn0R7a8q2W6,267786,55,False,0.558,0.249,1,-9.319,1,0.0376,0.614,0,0.185,0.191,131.195,4,5EvsytirpNFGyK88Zm7IoK,66a4sphHBAshn0R7a8q2W6
2005-05-07,4,From the Start,Rachelle Ann Go,https://open.spotify.com/track/3UrHHGeJwz9RvXa77bAuZn,https://www.youtube.com/watch?v=g0RJt4fxcio,Rachelle Ann Go,2004-07-26,https://open.spotify.com/artist/0YaTdozvKSQ2UkOTTONmSJ,https://open.spotify.com/album/35O3CQ5TP6vNO6ANBdJOVR,254426,45,False,0.639,0.328,9,-11.619,1,0.0309,0.776,0,0.0647,0.351,127.951,4,3UrHHGeJwz9RvXa77bAuZn,35O3CQ5TP6vNO6ANBdJOVR
2005-05-07,5,Klsp,Sponge Cola,https://open.spotify.com/track/4OvwEAr5P3hz3qVoVDyxFJ,https://www.youtube.com/watch?v=BN634wbjGrM,Palabas & Transit Collection,2014-03-17,https://open.spotify.com/artist/1tXFYQZSAswt4JLB42lpye,https://open.spotify.com/album/004uzq476rDPXmHoWLLJyX,216506,45,False,0.46,0.908,8,-3.68,1,0.0445,0.103,1.36e-05,0.077,0.447,85.015,4,4OvwEAr5P3hz3qVoVDyxFJ,004uzq476rDPXmHoWLLJyX
2005-05-07,6,Akap,Imago,https://open.spotify.com/track/3Q6DKhEtaassSjl62Q3EAz,https://www.youtube.com/watch?v=DvQY31u-suM,"Pinoy Ako, Vol. 2",2006-01-01,https://open.spotify.com/artist/6MXu7TWZnmykwkXiRJeUMh,https://open.spotify.com/album/6mFWJwQ7DXomqr30EIHpnP,336640,54,False,0.211,0.467,9,-8.493,1,0.0306,0.379,2.92e-06,0.12,0.173,73.073,5,3Q6DKhEtaassSjl62Q3EAz,6mFWJwQ7DXomqr30EIHpnP
2005-05-07,7,Broken Sonnet,Hale,https://open.spotify.com/track/3hcjxnTOXT7nTu7xDjDisO,https://www.youtube.com/watch?v=86MHe1Xv3GE,Full Volume,2004,https://open.spotify.com/artist/6Ww3OMFzCaO33ulKh1LBFN,https://open.spotify.com/album/1pzX0UHMKFphae6J0LVDs7,296546,0,False,0.312,0.514,7,-7.213,1,0.0332,0.0991,0.000169,0.112,0.233,140.853,3,3hcjxnTOXT7nTu7xDjDisO,1pzX0UHMKFphae6J0LVDs7
2005-05-07,8,Over,Lindsay Lohan,https://open.spotify.com/track/2vJzrTur6cWX2wX7ZvI38S,https://www.youtube.com/watch?v=sqRXFf4uOpM,Speak,2004-01-01,https://open.spotify.com/artist/4vRSocKbGh7PsQrYRDVMEF,https://open.spotify.com/album/3ZxcXB6JtLDAEUDLVkiIRe,216520,39,False,0.423,0.926,8,-2.965,1,0.0535,0.0438,1.28e-05,0.113,0.515,177.727,4,2vJzrTur6cWX2wX7ZvI38S,3ZxcXB6JtLDAEUDLVkiIRe
2005-05-07,9,Girl,Destiny's Child,https://open.spotify.com/track/4XyAMTjMfqwZ2uJemqKRdH,https://www.youtube.com/watch?v=ZIszesDaK9U,Destiny Fulfilled,2004,https://open.spotify.com/artist/1Y8cdNmUJH7yBTd9yOvr5i,https://open.spotify.com/album/3xjdyJjSMNsSRkj3GTmBLi,224146,54,False,0.567,0.747,6,-6.019,0,0.105,0.31,0,0.04,0.556,89.036,4,4XyAMTjMfqwZ2uJemqKRdH,3xjdyJjSMNsSRkj3GTmBLi
2005-05-07,10,It's Like That,"Mariah Carey, Jermaine Dupri, Fatman Scoop",https://open.spotify.com/track/6qFEkCFsHB8rNerOBfY5Su,https://www.youtube.com/watch?v=uI2cwfluyNo,The Emancipation of Mimi,2005,"https://open.spotify.com/artist/4iHNK0tOyZPYnBU7nGAgpQ, https://open.spotify.com/artist/6nfYGe7IIuuP5bMY1jkJP6, https://open.spotify.com/artist/15GGbJKqC6w0VYyAJtjej6",https://open.spotify.com/album/6ek7Y68IlB6CoFkkc2gEQb,203360,56,False,0.801,0.633,8,-4.866,0,0.0593,0.0642,0,0.0356,0.858,95.959,4,6qFEkCFsHB8rNerOBfY5Su,6ek7Y68IlB6CoFkkc2gEQb
2005-10-11,1,Kahit Pa,Hale,https://open.spotify.com/track/444aHC3uiDijx7jzmMkIUK,https://www.youtube.com/watch?v=tm9iQBrgJ0Y,Hale,2005,https://open.spotify.com/artist/6Ww3OMFzCaO33ulKh1LBFN,https://open.spotify.com/album/3rYydzqOp83YUYh4EXjrbk,235920,57,False,0.398,0.801,4,-5.595,1,0.0415,0.263,0.000191,0.147,0.566,148.358,4,444aHC3uiDijx7jzmMkIUK,3rYydzqOp83YUYh4EXjrbk
2005-10-11,2,Especially For You,MYMP,https://open.spotify.com/track/1tJDzsQQoaZdBy5SPeyPsm,https://www.youtube.com/watch?v=HnISursCpLU,Versions,2005,https://open.spotify.com/artist/5elcNQkZ6FCZA3grSOMngY,https://open.spotify.com/album/6szygdDziSYH4cyRJS0jVA,223013,58,False,0.701,0.417,5,-8.943,1,0.0504,0.474,0,0.173,0.752,162.985,4,1tJDzsQQoaZdBy5SPeyPsm,6szygdDziSYH4cyRJS0jVA
2005-10-11,3,I Need You,Mark Bautista,https://open.spotify.com/track/6X5ecm7xhMCQcLzo70tJT8,https://www.youtube.com/watch?v=lUPvcz3q5iM,Dream On,2005-09-13,https://open.spotify.com/artist/7zpGGtamV7jBkMIub59TRO,https://open.spotify.com/album/5qpcosegURyHHGY56DT2hH,210693,3,False,0.567,0.497,0,-8.421,1,0.0248,0.042,0.000446,0.0934,0.457,145.996,4,6X5ecm7xhMCQcLzo70tJT8,5qpcosegURyHHGY56DT2hH
2005-10-11,4,I Will Never Leave You,Erik Santos,https://open.spotify.com/track/59pyxEqIrzXZ5G5DT3pid6,https://www.youtube.com/watch?v=soi4hyXWLaE,Pinoy Biggie Hits,2003-01-01,https://open.spotify.com/artist/7ygtjsCTrCQZAYYPOne9uE,https://open.spotify.com/album/1daVJkSjmO83J9zPY6O4OG,260623,0,False,0.522,0.334,0,-10.559,1,0.0295,0.719,0,0.292,0.357,140.04,4,59pyxEqIrzXZ5G5DT3pid6,1daVJkSjmO83J9zPY6O4OG
2005-10-11,5,Gemini,Sponge Cola,https://open.spotify.com/track/67GROaDSIEEjtRi82HkvL7,https://www.youtube.com/watch?v=5S7GZmjCMh4,Palabas & Transit Collection,2014-03-17,https://open.spotify.com/artist/1tXFYQZSAswt4JLB42lpye,https://open.spotify.com/album/004uzq476rDPXmHoWLLJyX,212693,47,False,0.426,0.54,6,-7.818,1,0.0301,0.592,0.000899,0.0756,0.166,148.311,3,67GROaDSIEEjtRi82HkvL7,004uzq476rDPXmHoWLLJyX
2005-10-11,6,Helena,My Chemical Romance,https://open.spotify.com/track/5dTHtzHFPyi8TlTtzoz1J9,https://www.youtube.com/watch?v=UCCyoocDxBA,Three Cheers for Sweet Revenge,2004-06-08,https://open.spotify.com/artist/7FBcuc1gsnv6Y1nwFtNRCb,https://open.spotify.com/album/3DuiGV3J09SUhvp8gqNx8h,204733,72,False,0.356,0.96,4,-3.487,1,0.104,0.0142,0,0.209,0.0857,125.921,4,5dTHtzHFPyi8TlTtzoz1J9,3DuiGV3J09SUhvp8gqNx8h
2005-10-11,7,Sorry,Cueshé,https://open.spotify.com/track/36TmbWEYoNKtAk91ch8aY7,https://www.youtube.com/watch?v=K3V2_BxrT7c,"Half Empty, Half Full",2005-06-09,https://open.spotify.com/artist/6Xx1uQPrAF37dtVMKEmvx5,https://open.spotify.com/album/2BfekCfAeHJHeIEMWXsoXH,282280,46,False,0.314,0.611,4,-7.088,1,0.0268,0.238,0,0.265,0.437,167.354,4,36TmbWEYoNKtAk91ch8aY7,2BfekCfAeHJHeIEMWXsoXH
2005-10-11,8,Love Can't Lie,Sarah Geronimo,https://open.spotify.com/track/6btd6dzSOA1qNfY6BePgtb,https://www.youtube.com/watch?v=O6f1coHQeSA,Sweet Sixteen,2004-12-11,https://open.spotify.com/artist/6aiCKnIN68hohzU3ZzNq48,https://open.spotify.com/album/72p3F85AZsf1xCKOzybIZr,287826,24,False,0.342,0.237,1,-11.944,1,0.0284,0.845,0,0.0962,0.0884,82.233,4,6btd6dzSOA1qNfY6BePgtb,72p3F85AZsf1xCKOzybIZr
2005-10-11,9,Shake It Off,Mariah Carey,https://open.spotify.com/track/6rJQTvhKl5GSEA8SWW7t1X,https://www.youtube.com/watch?v=jZVdDl_asYY,The Emancipation of Mimi,2005,https://open.spotify.com/artist/4iHNK0tOyZPYnBU7nGAgpQ,https://open.spotify.com/album/6ek7Y68IlB6CoFkkc2gEQb,232840,56,False,0.777,0.501,2,-6.549,1,0.112,0.193,0,0.104,0.844,134.015,4,6rJQTvhKl5GSEA8SWW7t1X,6ek7Y68IlB6CoFkkc2gEQb
2005-10-11,10,You're Beautiful,James Blunt,https://open.spotify.com/track/3vsNteZn6E5qBSSBO78W7b,https://www.youtube.com/watch?v=oofSnsGkops,Back to Bedlam,2004-11-01,https://open.spotify.com/artist/7KMqksf0UMdyA0UCf4R3ux,https://open.spotify.com/album/31p2S8NRI7kVdEZAMkGONK,213000,56,True,0.674,0.547,0,-7.316,0,0.0276,0.625,1.54e-05,0.0927,0.423,81.997,4,3vsNteZn6E5qBSSBO78W7b,31p2S8NRI7kVdEZAMkGONK
2006-01-31,1,You Win the Game,Mark Bautista,https://open.spotify.com/track/1QxknzFXcS7zEfHALvToKy,https://www.youtube.com/watch?v=kXR_Z-WhI8o,Dream On,2005-09-13,https://open.spotify.com/artist/7zpGGtamV7jBkMIub59TRO,https://open.spotify.com/album/5qpcosegURyHHGY56DT2hH,219066,0,False,0.591,0.604,3,-6.938,1,0.0236,0.132,0,0.0622,0.523,82.038,4,1QxknzFXcS7zEfHALvToKy,5qpcosegURyHHGY56DT2hH
2006-01-31,2,Ulan,Cueshé,https://open.spotify.com/track/6s97fltVQXax4ZFkZJdGdP,https://www.youtube.com/watch?v=HP12yvlVNs8,"Half Empty, Half Full",2005-06-09,https://open.spotify.com/artist/6Xx1uQPrAF37dtVMKEmvx5,https://open.spotify.com/album/2BfekCfAeHJHeIEMWXsoXH,309066,56,False,0.235,0.519,11,-5.691,1,0.0341,0.588,0,0.118,0.0909,171.38,4,6s97fltVQXax4ZFkZJdGdP,2BfekCfAeHJHeIEMWXsoXH
2006-01-31,3,Kung Wala Ka,Hale,https://open.spotify.com/track/4JSDhJVmo2UqdF7nxbyenn,https://www.youtube.com/watch?v=7yZu1o-heb0,Kung Wala Ka,2004,https://open.spotify.com/artist/6Ww3OMFzCaO33ulKh1LBFN,https://open.spotify.com/album/4iaCi771IT9I2xwtnXnjlx,242800,67,False,0.5,0.339,7,-7.301,1,0.0263,0.71,0.00222,0.108,0.152,136.427,4,4JSDhJVmo2UqdF7nxbyenn,4iaCi771IT9I2xwtnXnjlx
2006-01-31,4,If You Walk Away,Rachelle Ann Go,https://open.spotify.com/track/6PpMvPvN9fVvFnfB2LwDjK,https://www.youtube.com/watch?v=Lu1hJC6tuSg,I Care,2005-12-14,https://open.spotify.com/artist/0YaTdozvKSQ2UkOTTONmSJ,https://open.spotify.com/album/37sZktvifRuuxr0ZajR8dJ,251440,10,False,0.569,0.636,10,-4.183,1,0.029,0.465,4.59e-06,0.238,0.397,116.048,4,6PpMvPvN9fVvFnfB2LwDjK,37sZktvifRuuxr0ZajR8dJ
2006-01-31,5,Una,Sponge Cola,https://open.spotify.com/track/4YgqloL4B6oLhuKCE8Jbks,https://www.youtube.com/watch?v=ojEVSMapR08,Palabas & Transit Collection,2014-03-17,https://open.spotify.com/artist/1tXFYQZSAswt4JLB42lpye,https://open.spotify.com/album/004uzq476rDPXmHoWLLJyX,279120,30,False,0.44,0.738,6,-5.548,1,0.0505,0.0641,0,0.201,0.476,149.569,4,4YgqloL4B6oLhuKCE8Jbks,004uzq476rDPXmHoWLLJyX
2006-01-31,6,Everything You Do,Christian Bautista,https://open.spotify.com/track/4CMSCrhXWRTEJvTOIPD1mF,https://www.youtube.com/watch?v=LD0_5Ubu31g,Completely,2005-12-15,https://open.spotify.com/artist/4U78sK2D3zASSB6oSR38GQ,https://open.spotify.com/album/3xXT2X7PQB2Km9YZuYBAaR,233160,31,False,0.397,0.392,9,-7.706,1,0.0295,0.318,0,0.125,0.258,143.734,4,4CMSCrhXWRTEJvTOIPD1mF,3xXT2X7PQB2Km9YZuYBAaR
2006-01-31,7,I Still...,Backstreet Boys,https://open.spotify.com/track/2NOYO042qSc2YMCAnv7sDY,https://www.youtube.com/watch?v=8yLG-lW_r_g,Never Gone,2005-06-14,https://open.spotify.com/artist/5rSXSAkZ67PYJSvpUpkOr7,https://open.spotify.com/album/1Wz9PANLXjaOskUv575hRV,228720,52,False,0.541,0.758,5,-3.626,1,0.0275,0.00126,0,0.0763,0.181,102.984,4,2NOYO042qSc2YMCAnv7sDY,1Wz9PANLXjaOskUv575hRV
2006-01-31,8,Narda,Kamikazee,https://open.spotify.com/track/7pFoQ4rWKHaTUuoVCcIECH,https://www.youtube.com/watch?v=ZsEdinsZYsI,Maharot,2006-01-01,https://open.spotify.com/artist/4GBFKKuwmZUnAJt6nBal7A,https://open.spotify.com/album/0tIuSD3ZKUjrTJ2g052fMl,284986,58,False,0.608,0.751,2,-4.85,1,0.0344,0.0189,0,0.101,0.32,120.43,4,7pFoQ4rWKHaTUuoVCcIECH,0tIuSD3ZKUjrTJ2g052fMl
2006-01-31,9,Stickwitu,The Pussycat Dolls,https://open.spotify.com/track/2lgz3yy1AyoceOVOOBmiOS,https://www.youtube.com/watch?v=K1uNjmxJQUo,PCD,2005-01-01,https://open.spotify.com/artist/6wPhSqRtPu1UhRCDX5yaDJ,https://open.spotify.com/album/53zV9rZ5yfWgigsmuJtYpG,207506,67,False,0.548,0.554,9,-6.408,1,0.0587,0.283,0,0.0708,0.382,79.918,4,2lgz3yy1AyoceOVOOBmiOS,53zV9rZ5yfWgigsmuJtYpG
2006-01-31,10,Check On It,"Beyoncé, Bun B, Slim Thug",https://open.spotify.com/track/6d8A5sAx9TfdeseDvfWNHd,https://www.youtube.com/watch?v=Q1dUDzBdnmI,B'Day,2006-08-29,"https://open.spotify.com/artist/6vWDO969PvNqNYHIOW5v0m, https://open.spotify.com/artist/45a6gCQWq61lIUDmr1tKuO, https://open.spotify.com/artist/0st5vgzw9XkH5ALJiUM1lE",https://open.spotify.com/album/3MJHoQUI828kmB6IpjejbW,210453,33,False,0.705,0.796,7,-6.845,1,0.267,0.0708,0,0.388,0.864,166.042,4,6d8A5sAx9TfdeseDvfWNHd,3MJHoQUI828kmB6IpjejbW
